Weight on bit (kg);Rotation speed (rpm);Depth of operation (m);Mud density (kg/L);Rate of Penetration (ft/h);Temperature (C);Mud Flow in (m3/s);Hole diameter (m);Incident;Inverse Rate of Penetration (h/ft)
289.20165137246187;10594.222670054358;790.9475408318801;2.8988404286728358;28.403279122142138;39.5399190239651;50.29960586889932;5.369813341759144;0.0;0.03520720250995377
341.94983474097756;6962.659505037645;811.8339961839868;1.6773776426821354;27.066685355698723;74.05054849405043;72.14006067313066;5.580490006669458;1.0;0.03694578729749988
266.8312128269384;11065.697315481106;619.4976486007558;2.2134030999938155;30.55608051774702;45.194727999425034;10.908229981655907;4.374240321004567;0.0;0.03272671046337892
267.34058502836734;7890.678632476916;1048.4812022892895;2.6830095469452546;23.735377124766334;55.13523413690688;51.029350284997925;6.981176607419534;0.0;0.042131203340205814
305.977341642909;12017.344223617012;613.4343028904934;2.36097167025369;28.50224817582032;60.58523900539126;44.159394189554284;4.217035757562273;1.0;0.035084951679297455
357.4930752916301;6224.148148948737;537.4706909732383;1.7996628365156835;30.5887822035418;52.02320469492996;29.37388871589722;3.836040482127169;0.0;0.03269172317308573
343.8660353618624;12096.271116184304;1037.4875687420613;1.6528048783423934;31.08865600010858;46.10868990613023;100.0;6.877428402102858;1.0;0.032166073695707766
260.9581400783869;7940.9207480732675;848.9722160871684;2.2149886315032505;19.345214531604086;35.87536619856842;23.15717273138396;5.994593370485171;0.0;0.05169237065664534
283.6111614636564;8599.689332762026;928.6153267211744;1.7215324155495921;19.711822055441925;13.19961621039073;40.07123732496488;6.202472783919637;0.0;0.05073097744020705
326.15558931895464;5882.802717696685;497.0204018016539;1.9186961017028925;29.70832779091229;36.05349357022766;24.46255080297496;3.5068704321893174;0.0;0.03366059534006817
214.62875920535416;2326.119976048365;725.4396609357394;2.264721269589959;24.560729617606555;31.68448293670251;29.911872993613635;4.949035700413633;1.0;0.04071540282268903
253.45954342208222;3413.825407557602;500.3765838158722;1.5130485333939876;26.161877317578313;55.763720765266115;45.416917146377244;3.6622576788750285;1.0;0.03822355666074829
206.31473878323052;7209.848125698758;1275.4425851961375;1.3336903805857454;26.586899370522573;89.29824392407227;0.25967047851738556;8.343766390545511;1.0;0.03761250930632099
283.41936518870875;6821.634458932501;454.987809284312;1.1739512938293584;25.769656687859598;59.20873235045247;76.7821478422371;3.248152854488101;1.0;0.03880532876757773
240.17967688198996;8994.006680674021;1002.3850639182369;2.137846937570952;28.103790181798033;77.1208855297925;9.116343722189463;6.890783791430943;0.0;0.0355823891913223
338.3702693103795;7998.928978774574;856.553483983687;1.7130678101381442;19.01338651483035;45.04188480633958;17.027960287326145;5.8409701932137;0.0;0.05259452329652083
256.57737310851303;7306.167045020208;507.2745436158556;2.304398887192902;27.34735770417226;36.90105286420909;99.85127880014207;3.632003191215089;0.0;0.03656660401408486
401.7568683293285;8180.86548477299;0.0;1.8886400981610092;28.541905065422327;73.09220944356915;18.332661458002228;0.5;1.0;0.03503620370496819
167.48321087390076;9311.068683928115;823.273828171771;1.6211614889617123;26.043252253831554;64.76472069131519;80.9693231533088;5.537717422234359;0.0;0.038397662098936865
316.0109084214658;7349.924195168058;742.4493098331728;2.6638571732009866;23.502375924660196;78.1750518277472;57.58790681296382;5.130877206914587;0.0;0.04254888966143785
308.47653449948734;6612.73096365883;933.1372980619943;1.021471235402542;25.01048266234288;38.658261908020435;22.385340875004726;6.377630412478473;1.0;0.03998323477002119
174.95590290288936;9907.86682704285;1107.6372216002233;3.142984596938796;31.13386485791209;70.22339228126602;9.077671980522368;7.484982833058372;0.0;0.03211936598825021
269.24486486550666;4595.035375421932;1150.0978744303561;2.7815934887300706;28.21634332841167;77.23825367059113;53.06204202071822;7.564879962311238;1.0;0.03544045336991195
298.6628451776283;10592.876763941735;503.84704951825074;1.230460419043842;29.8188785909776;46.21156220319883;13.281611735939812;3.6528241986317127;1.0;0.0335358017220196
326.7151004453998;7045.442171647521;492.4950024456626;2.6708457337856295;16.979424004279586;64.58804648315467;20.65417096718009;3.551804937040136;0.0;0.058894812906960484
313.71752110657854;8219.106040104694;948.5051104371353;3.1742750863778157;23.460762476043417;51.84592896632554;75.52936126697773;6.427763838711298;0.0;0.0426243606115161
317.0881830431851;6758.040516229403;9.485238643921548;1.6745829890326225;28.64362671397128;29.133232474009652;63.14455357678707;0.7400261321456698;0.0;0.034911780201081793
398.20649041357706;8040.073831747055;159.02900062341314;2.078111808356883;34.89271204302866;4.887723706806355;30.77192892365293;1.3836546272808792;1.0;0.028659279873883968
280.45593653159284;7202.365300061792;32.113135753625215;2.8593200636213716;12.432271242533755;0.0;66.49037230962753;0.6650394955802152;0.0;0.08043582548124933
317.3730338404947;12574.962737745449;875.7322687510175;2.5173768074202023;31.048769187744888;50.84367584055892;46.13265923337552;6.047133753084069;1.0;0.03220739585370441
254.29258865657758;4967.16434767578;1004.4757280988556;1.8758577946865496;31.766143532373462;65.60778497019342;67.93772036703251;6.686219982771973;1.0;0.03148005671449799
319.2703437629426;4038.6007273828795;437.68875906512807;1.8844884457452005;23.456221068130276;49.88262327533414;58.38847118231663;3.174675493758711;0.0;0.04263261320292933
220.77491419340794;6071.068497684186;1005.5357432103784;2.259929462501682;21.537392534492557;28.188884298984924;26.327370245503893;6.509719645096576;1.0;0.04643087590099314
286.85589684560745;9291.137764063624;1093.9170100738597;2.1993108801588668;27.941928457667103;49.41357543936262;87.94052845350903;7.245422349867786;1.0;0.03578851050009062
422.8191474608375;9475.556231916908;296.4659514084316;1.4632850927605285;32.40204513967156;20.10096231295963;5.124094442128744;2.3434574899135603;1.0;0.030862249456459354
406.3846815536205;6534.794876884448;730.8492236201727;2.4204460651324236;27.10885817197309;32.48419127399331;39.42313082197173;4.9999460636061706;0.0;0.03688831132820878
438.7086755196557;8456.07865172075;590.1997800341687;3.1325323976469495;20.138727516688768;54.66187191430625;96.37976700221358;4.269125674452047;0.0;0.04965557030211118
289.4397928396704;8849.272097142064;714.4737148828249;1.885227432050585;33.24235555430467;53.88110109656667;32.19692345961097;4.924247068205435;1.0;0.030082104090560044
241.4602055104691;5791.9207303860985;891.8845622202606;1.7715297238263479;34.3367687870877;80.55185218593952;75.26383767949578;5.972487753896804;1.0;0.02912329946363645
290.9276881299263;2092.9219219718516;86.61659421293325;1.9908925136194768;27.172447781759516;49.53345554891039;76.03964179913332;0.9702233566578933;0.0;0.03680198442303332
299.56554525412946;4912.758614745445;519.1997652032039;2.1551859894010987;20.896861321467995;42.43099383403212;22.230473519551595;3.6164253775221646;0.0;0.047854076486245754
247.3106016255117;2086.2976637112333;368.9495845168193;2.1822804521010175;24.220539801919358;56.42622600484437;95.17330446291689;2.8222460676119683;1.0;0.04128727138941614
373.123696730564;4759.99649859845;1225.4278321759084;2.584263660141521;30.10336442228233;27.09918483057288;39.53988938571586;8.165776587287409;0.0;0.03321887832775947
410.2747307286277;9919.864680807412;760.2702818507971;2.7163762488401577;30.59829431302355;46.57738579967033;26.186599957389618;5.103430526617197;1.0;0.032681560278161326
339.68555067941924;7672.146581815371;812.2904159334928;1.5983504798138628;24.295099840058583;72.26507559299917;17.629450535386496;5.52241643260908;0.0;0.04116056351211886
270.2235501134293;9246.49127482591;999.9823004894049;2.79872171832545;24.52041092627093;47.23847540587937;3.4127227191834635;6.749504994163868;0.0;0.040782350793665115
193.73638931392645;2075.9622358853494;986.2985143958365;1.5425899343195066;30.377129200167392;92.68979829775682;36.86408321900336;6.643284142776949;1.0;0.032919503137067
367.49731706056934;8829.640280359421;779.2863401121518;2.283599102992915;28.540970962609165;46.46002821921033;5.238665798531784;5.316700724402213;1.0;0.03503735038692537
376.4333449744353;8641.967741640143;497.9696542628963;2.7531419955063843;29.523128048266578;64.66543917363883;11.416698548449602;3.6268252765449205;1.0;0.03387174957765744
207.09199696227532;9274.277258040987;688.0813919909375;1.5886951093751942;26.79072903986272;14.3140385864398;97.13745074502702;4.832621150907441;0.0;0.03732634518874311
347.0409099717834;2395.552985075752;724.5610068446624;0.7210684828038354;27.33080307219698;33.9761748847006;50.12106379098589;5.081792245814845;0.0;0.036588752893883233
307.36680417823874;4699.062957827915;996.6370291769003;1.4759548227763593;20.129652420158976;51.85868782882355;59.887239565058735;6.760175137426785;0.0;0.049677956634688
318.6009540934665;6846.820904467469;1234.100901805521;1.366512464728211;24.191670031422767;50.61305904503299;14.721185678885803;8.246712863370181;1.0;0.041336542648816366
163.59401679229936;9202.528266264459;1015.7948708154256;0.5672628228265406;32.384839975565534;63.51891867348182;12.055754885490622;6.864401038748716;0.0;0.03087864571060111
290.82302217480833;12710.520097862795;417.99154897780545;2.268662127104402;19.318221480802805;45.50679711373137;13.626520641660974;2.9733701810650546;0.0;0.05176459960321581
354.69005353412285;6161.354451942865;1178.9309968642274;2.4787646024461694;26.666198949688887;72.01958794294666;76.19564002366715;7.812483419104449;1.0;0.037500657738536336
264.74210323105484;11471.541708234232;390.3642495720543;1.6843393605059584;22.05914527075309;91.81141057837925;81.7456077758483;2.733918197852144;0.0;0.04533267212877194
298.3757543006488;5758.947777433699;534.4984578026969;2.294308658591599;27.552982468163854;99.99999999999999;98.98281533245205;3.7407181857582827;0.0;0.036293711621072304
230.86288891340132;11358.760694760407;406.5462873744503;1.618103364946711;22.068732532803526;52.8897373625722;35.28951154758561;2.9383258798894385;0.0;0.045312978373976597
249.21618856132702;5809.04050176208;577.7517854629161;1.9236207371642242;33.06972365229279;51.57396617339085;42.129275546364866;4.053206217397551;1.0;0.030239139900725118
294.3503246237457;9515.399903314188;645.0360127082608;2.9795407580100663;26.444878976599295;57.79941521732334;68.88703112443183;4.465071536657028;0.0;0.03781450468670649
318.502415373689;7269.431182506159;695.6836037651694;2.7411829446679814;36.74329704291671;26.55432958950343;88.67137896125908;4.8212016486378335;1.0;0.027215848344583377
365.2135262332078;3790.0483856281303;815.9880390280434;2.502560594262753;20.818414033955648;27.212272479443214;17.955593350009615;5.609192132626441;0.0;0.04803439869958206
238.55636895204984;3775.1974749561955;830.9396431076493;1.262474876512032;29.636639724018522;58.84536933819352;81.04492534726649;5.626332330443092;1.0;0.033742016953074695
201.94454828833852;7583.8859358852205;881.8594978245995;1.324890751281893;27.982036076835577;71.74191405976192;66.1153958227989;5.997002082008075;0.0;0.03573721359139523
431.4041531289328;9099.925228281321;692.4686287407226;2.486646641073368;27.533466566258625;75.22134752246384;67.86256206906705;4.871763941394991;1.0;0.03631943684219799
368.85725088990694;8020.753337043346;1194.9701642088542;2.7977675044915693;32.89426678402575;55.41634351867659;94.62670352665096;7.92265310268099;1.0;0.03040043441508245
218.80255023614728;9779.417243342608;678.1851875457876;1.422934136101739;22.056007755539788;68.31276150899943;63.35710986646674;4.301149150916108;0.0;0.04533912080026499
207.70198756367768;4368.222259854032;759.0279813827198;1.5804740508028516;30.656382890352436;66.38381653149891;20.5975537056938;5.316724516714059;1.0;0.0326196343377059
209.09581027427842;7553.0951889787475;1285.8790164816178;1.907713047002304;33.89177364519931;38.972279810121826;59.677415187007895;8.65256612187086;1.0;0.02950568508065224
248.84546820724663;5829.723893271317;936.5194735942789;1.9157525792061834;20.876919715605958;53.90664963267307;75.24534707961125;6.352572889248275;1.0;0.047899786636266935
270.4188789307335;12829.935947919834;1057.715583138201;1.803391493459054;17.60457532091202;45.204430888343246;32.22456516573705;7.108320238475985;0.0;0.056803415121983995
385.056001436645;4523.919813223129;630.2299255062882;0.9381383644014949;17.192341303410778;83.67966393502289;39.885550502103406;4.282585634164854;0.0;0.058165434384530895
364.0954203452521;8406.727579780321;776.4187265768629;1.8798122560835164;29.423950690523007;40.875641481158226;68.49344330268816;5.443121045420345;1.0;0.03398591883591228
252.76684047573423;8350.379051222215;1078.6892460354238;2.7321613880890685;32.948056998692955;30.746540206853354;41.667145815541446;7.375487283430308;1.0;0.030350803388487214
276.5816645749167;9091.690915018058;818.7230761687238;2.0595249507262565;31.410421787187584;56.85917204175267;34.77393108702676;5.53277507644633;1.0;0.03183656707239453
332.3242532274292;5379.631166556075;1009.635041996569;2.099994406577088;25.113140906973907;55.57098958851626;3.2156036092050257;6.683985863492356;1.0;0.03981979011324308
291.0140380689414;6962.667998557368;480.36080993350413;2.458219842835541;24.64482505282226;46.85651981663043;33.15126340464124;3.29407803132287;0.0;0.040576469821013504
413.000787584227;6928.428068166116;169.7481352840025;1.9345385659513583;25.296771716914524;57.52624794130932;86.12187893711504;1.5507288375117607;0.0;0.03953073582631717
324.17996943838074;3647.470421865496;647.2419849932184;1.125333743702374;28.85148260430151;45.93941793917243;87.22432557396648;4.550241343703125;1.0;0.034660263866332766
384.9129210020671;10627.036711818579;1130.0197862943655;2.2717552667523377;28.53809226604557;57.231675912705846;20.538836756440894;7.485835004761516;1.0;0.03504088467713706
329.40022092219334;2235.5944968158337;713.1676138670291;3.374239425951096;23.080208776265255;55.704857022334195;36.596092842214446;4.852296821115923;0.0;0.04332716439845896
264.677068441196;4694.780470266942;743.6758071429198;1.594850953632591;26.877503756538722;38.76503783443994;77.50301015238857;5.090327646604431;1.0;0.037205836117006265
257.64649116814894;7037.222897304164;839.4753897435323;2.0596851715190394;27.502982656205837;41.860857071960226;61.60777895651546;5.801102037794788;1.0;0.036359692783151924
291.56041302212117;9905.678947439788;823.203074451314;2.23807277841649;25.083721480112402;73.65990012435735;34.126533949733684;5.470426897935;0.0;0.03986649272887394
430.9036128156959;8417.25467398247;874.8844294789955;1.9276029384443498;23.20883155171638;46.224634815180174;85.78751750458068;6.104846255618099;1.0;0.04308704631561024
392.37838436871016;5282.400692777897;639.3394419184117;0.8263471917134373;19.895267768303633;70.27491029779584;2.947375094347038;4.391464038747115;0.0;0.0502632089020265
100.00000000000003;6934.093968738995;373.0686890773323;1.41020880149595;33.75183329765186;81.51269619568663;28.112736028945537;2.644722164495578;1.0;0.02962802023763168
320.6116053347235;5999.627923018079;748.4144406486934;1.8760037479511025;26.460440562065823;73.51474276102283;74.77330635071226;4.91898079094578;1.0;0.037792265690149485
340.99419758237457;5821.989213318495;511.23169000557016;1.9935496985982886;22.242292417269113;44.43054945105344;58.926542901219364;3.695357397748433;0.0;0.04495939452821829
300.3895948165085;2849.3389782018385;518.6766680184794;1.7154465104448948;28.19475629634307;70.69928510604659;90.50422944710732;3.707749230583377;1.0;0.03546758799719445
248.51743084293489;8460.110243891913;884.9358014882932;1.9502456352283408;28.124369788842436;57.57258620109452;58.14460322519926;6.054438169850045;0.0;0.03555635228479759
301.25300116904657;5373.318711442996;750.5934171113106;2.3673951947177567;29.371496749823606;68.1931270194886;52.82876687704432;5.209397474587282;1.0;0.034046613576341
340.2347446217597;6125.6302932068775;917.1592494853323;1.6573427567672465;33.1149402420522;89.70569500206113;42.63343159796862;6.183251925302671;1.0;0.030197850054704732
266.99952824694856;7570.260775570437;839.8618689717543;0.7656090959748132;31.257326097129177;48.260808656185226;7.277724894098199;5.823105773004461;1.0;0.03199249983484175
187.3061045917196;10917.58927642809;777.4258197471269;2.079722208939922;28.732058875994326;51.61472259655093;59.808054502566065;5.309494325760697;0.0;0.03480432795700211
283.42035085666157;7592.761748147855;795.9300671225849;1.8572491310307928;20.388166591794747;96.9467621560269;20.096854915723213;5.386890432166762;0.0;0.0490480591031884
257.4981928203848;5898.443970249887;753.8948162050872;1.7443212584985992;31.667787323534913;53.31274264446805;93.98476361103207;5.305965901443701;1.0;0.03157782985541331
301.46199081343923;8382.704405050375;782.4830832593323;2.663005999903027;25.081919816260537;25.353414756352656;23.87855253224179;5.451402359459419;0.0;0.03986935638601726
301.2956739689833;8027.017134172506;759.2175929941936;1.5891464003178721;32.46286318761588;45.2362432237334;95.80422962014076;5.155262699021071;1.0;0.030804430102810084
183.3073634698921;6308.184403670144;380.60815031683705;2.65486700315103;28.20174564706547;41.09999158271231;37.25190531836221;2.961466476962764;0.0;0.03545879792388153
259.9538687236273;5826.1862887728375;963.829398581495;2.7904919306189377;27.677045450704686;96.15483692957787;96.13149771588027;6.390077872599042;1.0;0.03613102423743496
242.49414597504767;9355.286452020246;757.764563074707;1.9925907235727043;22.79140756287535;27.85517713389076;65.84307131994953;5.196956397238891;0.0;0.04387618435769136
393.2582913812105;7616.671484063261;641.4197009643889;1.5958006845971702;17.87121111104264;57.978049066071016;20.97399040487706;4.4899969183065895;0.0;0.05595591668558483
272.74823579382985;4352.251820951307;561.0133678394583;2.2391379036338686;29.033034858873545;79.49399039898881;27.213593141163482;4.014792158478058;1.0;0.034443522864932734
272.3212083258359;4822.269449591752;632.657926661961;1.7971979077324411;30.699222811489758;67.21911782243085;57.221112725324375;4.429263237575679;1.0;0.032574114535099286
329.9696953347588;6955.586538319473;655.1945835211998;2.278934431130841;28.69021357911789;41.18754103268812;35.233845598714026;4.515023880331851;0.0;0.034855090821904786
348.8265503875754;6228.602533026539;760.3799972192112;1.9238811189475145;32.008712100732296;68.93948695200787;50.645966106074276;5.289781012729543;1.0;0.031241494404803685
338.90114218067254;6592.908613062304;498.50895757491554;1.332867889030048;33.635640123277696;52.978345806649884;17.15810287822835;3.537556958861561;1.0;0.029730369225467648
360.3258881639358;9576.74645307181;459.95450974962796;1.830936613634525;22.970945037592163;61.405160823886355;63.310468717908606;3.3668308014046406;1.0;0.04353325465554381
242.06421756268028;8109.551207447537;848.0790489743606;2.433661416621502;31.93196881055077;30.598701767071308;55.92499559514766;5.7467383309430575;1.0;0.03131657825212412
378.14136029688086;3703.107731654977;102.3683544626831;2.765004503896961;20.355790984910797;60.98544110849956;23.44885643538683;1.0250867322157502;0.0;0.04912606936970778
216.48052425051924;8801.910958366872;888.5088080857723;1.4998651970167698;26.93685570896349;67.5544942170995;44.0051664205008;6.010628385458081;0.0;0.0371238577658951
402.48970133918624;5471.235448197433;1083.719255340961;2.031402688552461;24.37710757337912;43.8598919705086;65.15095440446659;7.196776644648769;0.0;0.04102209406878297
381.4631039687112;8790.67978029402;595.7867982800096;2.456840749503619;33.24584060832588;49.639118278633724;58.91566592276402;4.19184687947904;1.0;0.030078950680812875
346.1860928476112;7343.494179602139;673.0103259791659;2.0429060978769074;26.98966337976239;72.47783903270354;92.98533834761442;4.746265569157653;1.0;0.037051221644721515
295.56801679773963;11917.822260964276;830.0073435159484;1.7863176201007118;23.249113792463184;42.35075709775766;78.17693232865354;5.586636648155003;0.0;0.04301239216800498
383.8735155821954;9064.938231360455;839.8984143460905;1.8134027919562115;23.645886094864487;73.52161504308756;80.31601061085722;5.651625163140939;1.0;0.04229065453449783
362.78882440726244;6627.575019350938;631.0899465377111;1.8826590661319942;27.481694788852387;70.13862044501411;77.48432173995437;4.423366702341496;0.0;0.036387857724321925
329.88729621307886;8749.554712750249;544.298721328558;1.956101669115419;34.19469869801543;35.58490292256848;46.39634078260822;3.874851834618083;1.0;0.029244299206474287
390.3424356085125;2996.2998068773777;336.6080155830852;1.011357576478523;22.485399713958;68.50561002317342;21.95112047018388;2.6546017605028878;0.0;0.044473303242158584
376.27188076532457;6958.381969258507;604.5656708806581;1.441418405745643;29.915665962017695;52.102034275339285;63.69113646051841;4.304857935738267;1.0;0.03342730197849
320.72643339663614;7879.764238788864;918.2755147539472;1.898699328778464;40.0;44.210336920926714;14.852797423818238;6.344399307149793;1.0;0.025
229.29232479538038;7642.520127253758;405.86602700655897;3.0901636642577133;36.73201465177671;63.595948616006275;27.76295413669238;2.7731231806561367;1.0;0.027224207805645925
388.19189681420335;4722.0902942551065;542.0161962593054;2.5803190536602947;24.289885862048326;43.66588943566915;35.72498181972972;3.9176461336812727;0.0;0.041169398888055195
342.59657608157636;7521.654719937751;520.5721119254848;3.3506633386355427;26.231738826572496;74.38691425909849;40.311529853614815;3.8736369576168093;0.0;0.03812175802036462
227.45369637767902;10727.508589748533;1210.5738720629347;1.4033581672304534;21.497618445387403;43.871318856516986;33.93161458168509;8.041554729506293;0.0;0.046516780569922304
320.3295307622049;4187.885540127264;549.6144546972916;3.0161435567271724;27.632142142764067;52.786156243207856;32.423482189777225;3.852871778573504;0.0;0.03618973856002208
261.4304434632534;9870.366687486341;1015.9127948767161;2.33562748502344;23.455018260449943;58.46198328225535;12.44394891894914;6.670815052315726;0.0;0.04263479946575905
271.37283285282416;5933.111669535966;300.3516422755945;2.1372592492246345;37.71560615909755;20.388220511117744;2.5788402868671056;2.2477694748633175;1.0;0.026514223204623894
234.7115781014764;1526.7445257452555;814.6605033564085;1.5165858510250545;32.36075121323355;47.04094661902151;22.934265748557205;5.533396683495344;1.0;0.03090163122020053
260.7350766395869;9841.258800732856;439.2365198057045;2.1944826815410554;29.729952625885137;80.04136356784515;19.444650012862464;3.077198531773812;0.0;0.03363611145243887
401.793163931639;7434.475492096565;488.2167162422097;1.5967870604844343;27.15955180858439;44.40769962337602;97.79184410700825;3.4401359605081687;1.0;0.03681945884261343
223.240720049024;7709.066296826583;1072.4137261729963;1.8777733269541674;31.873269201958816;32.49203524056081;97.95974000553932;7.1064311256637875;1.0;0.03137425262729383
350.9351116787816;5229.76364692049;785.5790518464472;1.3034651545250697;36.0341442790116;88.75483699268564;41.70917768641637;5.363885860471184;1.0;0.027751456847622678
241.9080838094687;4668.231521084092;1033.9925770357036;1.6556188730525037;29.83011592807881;22.391557358040604;63.58390161098626;7.119419966143157;1.0;0.033523168411783114
306.1255885654151;4028.824126498477;646.5579194377088;4.0;27.150769133525916;45.56452566336769;60.033885349523054;4.461014085326233;0.0;0.036831369125569065
257.3887125444343;7959.1400294180585;792.5170233008885;2.158251378270521;28.144646469113457;61.8559464901716;69.93979125596718;5.48659302374528;1.0;0.03553073587537941
279.24054376171694;9512.717956161368;372.76981819943984;1.1369707963611206;25.377112179375565;77.56409975801996;94.03071412066168;2.7641939192642537;0.0;0.03940558692934013
304.7229735805979;8677.551816741752;1221.2273138632954;1.7518558389528114;29.72056608631238;42.49866970054621;0.8317446780448989;8.173533770088365;1.0;0.03364673462463232
313.8563127651246;4359.782757081058;575.8842663880936;1.7650429614788699;17.384457347710246;15.758046755967776;36.97268252995587;4.020078976070359;0.0;0.057522646810238956
346.1916730706555;9918.667475925016;531.175943901258;2.010899351372614;25.938152715393535;61.46540887534134;85.07142194528343;3.6670911076944113;1.0;0.03855324667768377
288.3938848768396;9509.836697077779;1036.1926276797335;1.7786372508177808;23.16755307250505;44.52761756476216;6.670879641725492;7.047268926536767;0.0;0.043163816086679734
366.8522085238383;7725.301590639546;1005.5025457728135;1.6101607191585148;29.325735632180688;55.003085075749254;42.533709222840294;6.633360399557538;1.0;0.034099741351505834
251.5677705224167;8153.661076757892;847.4670499097949;1.707024368972148;27.048812143891986;50.278152698403794;52.0899820750764;5.797090588908116;1.0;0.036970200195124446
274.9604775442403;8631.385124238925;973.9113556337398;1.6746086438903083;32.008218350826304;72.96144132446793;44.00640884137518;6.51476143174674;1.0;0.031241976327438564
321.6426290652095;4348.053623914726;778.8989762572443;2.3925153733991165;23.41216422188201;47.50836697980301;22.64875967736269;5.4429092782154855;0.0;0.04271283895511707
373.37185497168264;12036.600176000384;894.3858673754108;2.0859337742120765;21.186019961151473;47.507855779363375;15.045848449674942;6.192748400352943;1.0;0.04720093730836122
270.8191252333436;6071.2903842827445;862.769592748968;2.9210587736039866;18.7391134716599;52.73999575636747;81.55407268966513;5.967992900742453;0.0;0.05336431744822668
265.0401156730515;5949.866032029025;885.0314413335831;3.1180259843641593;25.90461421847023;69.6032101865274;69.02154395870922;6.044695954081382;1.0;0.0386031612579272
312.14988268597745;7261.363998376761;453.6315415905299;1.9955602846560858;24.38600161077526;72.00958321654673;32.8515419058766;3.1859672475764644;0.0;0.04100713253287646
284.8774535446565;4607.778524833271;584.2636455292773;0.8671672901769332;31.87482975380373;30.83375857603775;25.75633971714147;4.077844668687334;1.0;0.031372716583079684
364.3708973986361;7301.375565282287;1091.02709517353;1.7814727085987667;22.477886246520892;90.96735891249327;40.56465693219838;7.316219362089364;0.0;0.04448816890666395
363.062977708925;5398.440766364529;313.414434203994;1.5491486025773873;31.181220962588718;14.50342246273646;11.35286877403194;2.464451265803558;0.0;0.03207058508708821
301.58455750303784;11971.103964843567;739.4505393040012;2.3332339760487413;20.60935209002694;32.1262599193467;59.99017794876949;5.028611592408366;0.0;0.04852166121631303
314.7955028582371;5009.955811474613;1022.4805587664732;2.3625417592094187;23.95263738226831;40.565403350258364;93.1264802622536;6.989717976318137;0.0;0.04174905602421391
311.71390276762344;4520.002061226207;735.3258690915407;2.9649457220747832;30.924142654820354;79.31165031037168;40.143089193922634;5.027464657596563;0.0;0.032337193989891364
315.9443143507782;6751.475122591305;463.4419878310429;2.164062626947201;20.919279909462894;48.87735362915837;67.11897192209281;3.266501203771328;0.0;0.04780279265481061
250.05441129333593;5917.051934731706;740.7984711409664;1.5599623084416945;34.964253475209404;38.930933791168904;56.92626022895638;5.232009098853074;1.0;0.028600639241705157
269.37522107697816;7375.5181352440695;399.2471439901616;1.2379590944121075;30.87643167151446;15.381375992869337;69.69437397166496;2.995412277620884;1.0;0.03238716217724621
271.7223446906097;6353.751405305924;473.47989277612345;1.7383643038132264;29.72465201599034;73.84352278771601;44.45488603514469;3.439534067154428;1.0;0.033642109568248306
370.57101675824947;11449.74246719504;885.7706055102849;1.9564664572235884;21.465233956998507;73.91222118134279;64.10517539002521;5.931064027671001;1.0;0.04658696019821209
264.16378701693094;6021.917601608495;866.1706281280502;1.4547777754254416;22.773763573267836;73.1830282040153;93.90098336241925;5.851885246930179;1.0;0.04391017746288602
272.85941111961876;9598.835426514894;1179.4897270542042;2.2642965131626838;32.86559977421891;32.93710663205515;35.19033306533392;7.743730296987373;1.0;0.030426951185124576
429.68446888941514;5008.278278958382;184.6837230522873;0.9458218185021317;28.448508160072354;38.945065418997444;42.23809755350084;1.4522279277597612;0.0;0.035151228119705266
336.41354687925156;9491.991566591758;1047.558567718914;1.8296747201008388;10.0;23.118568360917013;22.74683116620373;6.979829707385107;0.0;0.1
268.8656555741419;11636.917901546367;560.3617652511607;1.8837649856192638;29.94632044147612;69.75470934257076;64.07129810433361;3.9013871693941122;0.0;0.033393084200587946
114.01360879772065;6234.786555157985;1177.5963979262328;1.7607046190340594;34.04780909649488;57.19105103128869;19.943426979683508;7.907024861476476;1.0;0.029370465428947293
344.6997209035827;13095.016833399912;653.6742231343587;2.277831856760858;27.306450986879113;57.98923426709087;29.353313176865672;4.744078372361142;1.0;0.036621383001419885
309.18009017184204;6150.268739452972;239.70281274790625;2.5084577896946425;21.11768643147912;53.59197481115733;25.978831484424017;1.8857399203354612;0.0;0.04735367215744562
265.5949601141228;13428.599574077187;1038.4850058771108;1.3331584144564277;39.15694474770466;58.11376693842594;55.69366177515252;7.001886905115111;1.0;0.025538253978781608
344.97542281622736;9134.818348650435;889.3904980612737;0.5;30.986150614342975;54.92888418020354;66.23285186830398;6.075536025270808;1.0;0.032272482388861705
478.1929956982598;9618.331994665172;716.972864269437;2.0173837174680673;32.58324498654138;34.36399040850023;90.84399071198686;5.033073399625423;1.0;0.030690620299268945
278.54722840359517;9890.788090912523;976.8574637833913;2.2805385553369506;25.259426895447067;45.62246325248839;34.062837640398;6.594980289399315;0.0;0.03958918007677549
292.20495859845795;7790.690376849753;971.1804038558037;2.5387346014992502;30.754330745334517;40.334049519356064;78.08378649496;6.563612188301391;1.0;0.03251574577514426
253.26356370636864;1497.9537612235035;569.9486044635601;1.8981869253625887;20.425983117897296;60.6551421706901;72.41144595751132;4.03053837229328;1.0;0.04895725186044032
294.91489059479693;3304.0748755793015;1399.9776561246863;1.9752215954577426;23.718199915207844;52.982861520594966;28.762623861735676;9.201216553501364;1.0;0.042161715626606686
285.68800646307164;6346.247996377965;557.6901747897003;1.86551754587109;30.324220911251565;16.601837642260833;91.80748710122134;3.972355323425811;1.0;0.03297693955358826
242.07598609436312;6230.824997658849;641.4005072756422;2.4707523108382574;23.051077256682646;3.8446027740687754;86.98281193553294;4.478807113942511;0.0;0.04338192045710549
326.67469550027033;10493.378704235949;778.7693645422885;3.266180366210196;34.81622047962852;57.10130417512234;20.51151668862236;5.384595619362823;1.0;0.0287222445809451
358.8829343268391;6165.568971714425;1132.632652039842;1.4456922998857904;16.65554462478294;42.024583875276456;26.149220115361366;7.750379813596532;0.0;0.0600400660877838
365.7431022499694;6304.6255823574975;317.5724479846854;2.04254835848768;32.23568036230253;70.70430389622618;84.88960100087812;2.3244048889694535;1.0;0.031021526108983045
298.7592599089339;7843.636867659579;1012.6186545874126;1.361566938585292;35.69472601955403;27.980449974481367;89.62968617970037;6.775949175860777;1.0;0.028015343203704298
269.54256676292;6275.876031466984;408.1060381128686;1.5137350133560692;20.463705124651884;27.87354753443892;92.48039364269306;2.7890080697667625;0.0;0.04886700594582631
352.9447683541414;3284.823866498162;758.6086973121398;1.7371514142718592;19.51395599328817;33.731160443796554;27.069924977873992;4.955851367029623;0.0;0.05124537537872639
255.53489152950897;10232.897610953807;865.9636090871486;3.0069542360761012;32.35216959701365;77.17309836633822;68.68437861281677;5.947039825449936;0.0;0.03090982807200379
275.3699753147462;9574.893052068524;190.97871390976968;0.8977695222395128;28.03077800101516;30.00908752691597;68.2392719358621;1.5966717979773057;0.0;0.03567507116512371
304.68007770975026;7551.527764714003;274.7846441113219;1.6183897921002603;20.264160985171877;70.80720925445047;18.640501957533385;2.207457847771736;0.0;0.04934820645827583
272.5643161058938;10695.338459604982;1156.5480475552042;1.3325811654929023;23.90271584708873;59.46824891649856;55.580618141022164;7.758386078023338;1.0;0.04183625017329554
329.59858311523624;11701.533125400863;618.4893105402595;2.7473459072080857;29.262835182216147;63.433949891046886;98.89172599334674;4.18097048437814;1.0;0.034173038728924264
339.08654294863913;10217.65942141651;482.65434847771564;1.898720654454725;19.910950017578077;17.343930034985647;70.93079833205194;3.435862818837018;1.0;0.05022362062669864
283.94108869820934;5518.6989997365645;806.2118525753975;2.0392020605301933;33.20588763360475;75.82122150182151;53.5337046216145;5.59271032706601;1.0;0.030115141357883415
240.4601050469656;7430.440109268156;659.4771619983936;2.2320238359585804;27.44169916119393;9.993592445556494;12.291093844738867;4.526469970458762;0.0;0.03644089216655096
344.09836198642154;9270.406308798585;956.1155037299666;1.8501948457306132;25.55266379913499;50.3206479036521;68.80782049833948;6.50434922969092;1.0;0.039134863114891845
326.3005565054961;8323.295583994519;698.8340744418236;2.310762927782877;32.58078338702081;45.70496416336923;96.90729933415938;4.812657167138751;1.0;0.03069293908992899
274.10163044243933;8238.152620253211;1034.8555415260514;1.8927147826208746;22.479209515564502;49.64569314593391;34.54229308187365;7.062294605292461;0.0;0.04448555005048574
293.67550200873256;4895.408911196351;214.33012039422078;1.5102803367041313;21.67999805401043;50.211170300415056;73.79482465444212;1.7163574363124736;0.0;0.04612546539481894
444.2361690120855;6804.366708809943;796.145730679733;2.4827701366585293;31.071052585817377;30.755532018907807;76.32695692638667;5.519932281622059;0.0;0.03218429749806602
195.5920629320342;6399.058251346325;944.7623533677101;2.6575244460474896;24.420298121841736;40.85223743463567;84.4863653689994;6.343820348056214;1.0;0.040949541033882424
250.3521091817109;3947.6807608447107;673.034325651284;1.5719152972262298;28.382058041134364;64.5888667681399;56.29724722407173;4.663013161065928;1.0;0.035233526707284274
372.20857923529877;11056.580279514428;910.7907349248808;2.6604991197124512;28.032343906316015;75.23587931280595;26.345534669282188;6.038784145247893;1.0;0.0356730783320152
301.2316430201766;1267.4681173351146;823.2867435236842;1.7240339929395003;26.577660152623473;19.23895240535331;95.19199420774586;5.633779962091572;1.0;0.03762558457958498
269.72435018932055;3582.9268575750807;767.8780338425352;1.5995612849559746;18.558783233563645;45.073990387537336;4.221329490674961;5.382683489489651;0.0;0.05388284282514251
346.5216340214856;6293.547225892653;1354.23297563187;0.7931954063173092;17.275959238752296;51.707699670865544;59.23949688371372;8.8478364370003;1.0;0.05788390596319918
206.0479821227392;6654.161941562156;663.0991868809547;2.2289676005575694;31.21284049666835;64.44488323337094;72.88666862347048;4.69633795894439;1.0;0.03203809663227349
365.749337004228;8150.157549870561;665.8016789561245;2.4854610307402063;29.465105652829244;65.27388438077935;94.66816247016129;4.694132224956216;1.0;0.033938449492848834
297.031790795996;7012.103280280166;616.5576569469054;2.0156253229029506;21.184474459798018;52.97170140838239;35.88405504299734;4.202132176919832;0.0;0.047204380826048324
332.5385408969357;7511.0215663764975;1284.7095948367191;1.6519873107637113;20.690610900551352;47.130195678856865;84.17944950150276;8.330123768836538;1.0;0.04833110074934291
415.3400300675517;9185.136377611543;1236.2238808796374;1.919580058785213;24.55538841672752;47.16695470021271;41.20797444736101;8.291958666360262;1.0;0.040724259092508756
278.9254490436542;9171.478173900165;757.1870823776479;2.8628292597563747;26.753946940791312;52.321225413524196;12.77495596621273;5.208587179685427;0.0;0.03737766252632116
322.35128743889464;8892.762791010733;609.2918719303484;2.3326677144482084;35.82191103348643;57.947768252847574;27.116233681204044;4.5010722653123905;1.0;0.027915875260401294
350.4789777610681;5388.552963705245;255.0595062525353;2.133738630633294;32.62576304195852;49.51088118583575;82.60989227931496;1.974259510372296;0.0;0.03065062413142476
360.11954684672054;6997.692613840549;507.08285164192756;1.8408579484880891;24.909424730189937;69.6555124231976;7.308029433298223;3.6883565643416127;0.0;0.04014544738915674
352.1334493669631;7661.86856909518;445.53427068444097;1.3475011214247807;33.853526942882155;41.34775898501465;97.96764639260206;3.328304622829551;1.0;0.02953901972125992
368.14345062058817;12536.25114180109;1200.3909468674572;1.6623070100203294;30.303200344658165;79.69060904631495;8.649101502302237;7.913036482387753;1.0;0.03299981482570634
307.71840611639647;8019.935746191265;665.5895910629368;1.7069552724970027;28.532698356048932;72.9118461753979;62.971032181583034;4.538212043377768;1.0;0.03504750891490779
244.48097641070464;4308.187247412556;900.5675000739967;2.259837840097408;36.177006592165895;78.35322673291112;31.622755552746955;6.237904672840401;1.0;0.02764186687066998
351.41823807530045;5707.827714011049;445.5168835225688;0.9097440616120491;28.720677715435706;69.8865876587588;20.996397015833693;3.3799458246788197;1.0;0.03481811988937008
324.5584693782602;9591.426094697377;879.5874569750224;2.4208477185574893;29.904439334382676;77.25854106768048;13.19981335246527;5.934388841284451;1.0;0.03343985114779425
341.7502709079443;9140.819421656452;925.1900223881482;1.3106284118963147;26.12323398486186;52.42946829205657;67.94822344423764;6.266627639554221;1.0;0.038280099645376583
348.6259906964543;9536.535182921962;313.230302522461;3.0686730358110843;20.2328824084445;54.95671380394862;31.205479506389665;2.4785020479565403;0.0;0.049424495225783294
314.15736190806894;7222.259496674232;342.4930643920857;2.753344374345887;22.957656967347265;50.12100528664231;59.01306962376385;2.625229422191838;0.0;0.04355845204161307
262.2920678076795;5116.772893187853;1107.6646586395125;1.3127194806696694;33.969074311029566;80.23825462682255;70.33980964747592;7.164984868748669;1.0;0.029438541387490965
219.30592108737068;7290.512132573165;659.7060195952098;2.392553817540347;37.420647945016015;58.18643328471725;60.789526767099154;4.570494869383917;1.0;0.026723214452869678
355.44714139161977;7544.819231970047;765.2423533284142;1.9765175973564657;26.334960354086366;25.540862494285985;39.118279523838595;5.215530831916967;1.0;0.03797233740072182
311.04975582354155;9177.835219659191;494.8121074773086;2.036263937597144;26.72441473897078;38.87734650919336;3.6460297645824724;3.583187506897094;0.0;0.03741896725400514
263.4040616807984;9530.354943393853;583.9890945892844;3.209380925539768;27.900668092298528;63.350498942384036;44.15616033177127;4.052206351385522;0.0;0.03584143564920698
371.67481079149377;8026.832930781055;716.5111435678597;1.5957844566290624;22.385975048255354;57.020206563347955;40.807961005459816;4.988034787940508;1.0;0.044670826168812995
233.02730430589057;10802.014083853042;427.23758296923046;2.5128194349066453;21.595258071176602;49.17656130310412;25.93782614377615;2.9672764484465834;0.0;0.04630646212719771
306.6432587085064;3679.9980039188576;793.7452994188397;2.2915401531037793;31.310800335299657;47.192027678532824;99.7419078859007;5.515264280286177;0.0;0.03193786135426901
158.78977241777602;6757.083161902991;946.7444745670134;2.2337393923054174;22.822582935039165;44.53964993818641;21.838521749953;6.40381683924824;1.0;0.04381625002070713
302.6953791294026;7502.280040927455;1084.4373881887113;2.1889250448987747;23.87502113034674;51.09594042281576;75.69166458544123;7.20714679800869;1.0;0.04188477968419192
369.4419341995372;7384.737273761848;737.563667435591;1.9964045296925828;27.37101756949633;22.64031733425286;27.388500806708443;4.843947573052003;1.0;0.03653499536365252
194.80930473250396;10236.785761087776;1265.7008963954559;2.1932695188843847;22.685847851430836;54.358994817224946;42.17334761317634;8.48115548359802;0.0;0.044080345004029825
294.83295917622155;8201.997988467674;688.7910134691257;1.0641083170477947;15.49280987371537;69.79467396072985;47.615326963142344;4.830493937184303;0.0;0.06454607060637654
403.1355336027747;7479.70725391631;1310.139374246532;1.1275098865812738;26.62432928255988;28.756662016931553;71.20478169423313;8.612324273392936;1.0;0.037559631620656245
300.13074578156363;11461.681689939227;647.6845099117788;1.481553658189845;18.012607650508066;97.16396538689787;62.092737478363915;4.520489921743398;0.0;0.055516670290200534
356.7941904807834;8351.063024100435;719.4519005425643;2.501823615593291;30.97042576130138;36.369981780105;52.97645012439988;4.95554610230124;1.0;0.032288868345153154
205.32260807740732;7338.7892395718245;500.52227900139565;0.5557447974482914;25.052132468120547;57.15591732022874;57.59150874338583;3.508717611233159;0.0;0.03991676162787837
298.38847285682476;6936.667187481021;116.62945555373096;2.194587947231943;26.2639652635482;75.63921639823639;81.22833662634717;1.1288208123764214;0.0;0.03807498182263824
163.7115372985233;11890.459697180744;732.8143745522982;1.537886109685102;27.637830703824257;42.156194677481636;0.21178811330849356;4.931774069987819;0.0;0.03618228980111777
364.83762901962643;8204.54392162674;951.0282455079034;1.8755213012915346;27.058908460674335;36.94214504066218;45.85379667152741;6.321257118986486;1.0;0.03695640574169262
259.1440368008556;9464.381719206756;492.9304961132587;1.4381064348370949;24.14630943501131;28.666677046254872;78.98189391092924;3.5024749737956613;0.0;0.04141419634712519
298.7506418958262;5494.187885485006;13.170257776711537;1.6336950310779694;31.826666284717756;71.43443227891909;5.904598402893576;0.5874068143718105;0.0;0.03142019308758615
371.2881762971539;2919.092407168261;843.0560975398844;1.444570283944996;27.091847552799628;35.681234831455996;21.870629421579046;5.738675580946732;0.0;0.03691147301973732
370.1039037343239;6791.461769323931;1198.8501656826027;1.8474554364239244;24.839682807329513;65.76531763776295;67.42178946909453;7.935443550696571;1.0;0.040258163027143294
257.3016806420907;6882.973158495639;972.2128991323927;2.4278928351239406;23.239706557837543;37.769569120709484;61.367668853944295;6.658917227519033;1.0;0.043029803216803185
305.24948842694965;5733.878869250493;1358.2970248917698;2.2448234051016946;17.333149345678528;56.98764102142499;38.2824020385005;9.010992451773136;0.0;0.057692920083753756
268.5207073913402;9092.472936659866;115.86424410028076;2.179254132794558;24.936786728100376;27.23795875819693;18.631059696708927;1.3402305893927342;0.0;0.04010139762205752
287.48654205679327;8385.637839384859;737.1616198201959;1.613049484438959;19.572096292646144;33.96102006051826;5.854782610162751;5.070246530439355;0.0;0.05109314735875951
223.09688074647082;8059.475614499946;540.481794328562;1.2901472077962093;17.807180464585954;83.11168019724846;90.81829186346737;3.8258076170698416;0.0;0.056157121672841516
259.3798806924362;10091.902697537585;577.0074245463481;2.1002654924292816;29.095030366976847;39.62114427649184;19.241409972568427;3.9112341508143276;0.0;0.034370130822582334
295.66053552710486;8956.591538690856;911.8299887442816;2.323186642773069;22.882141381727976;67.41985113861571;62.73538978760699;6.269173912529053;0.0;0.04370220353583375
289.830708148548;9259.5575338486;569.8029670215826;2.33404555088501;26.662133880373126;50.5341260711428;52.460540676447536;4.048705958291997;0.0;0.037506375314397954
259.0469123122926;2659.8191280233395;800.3014268265506;1.4923130777474467;23.581562704967503;25.561684305109534;67.86571416477379;5.508472325488016;1.0;0.04240601068347977
311.36306814586436;10776.858559394623;1013.3844601489175;2.144104324736099;26.744924839073594;61.83864271785146;77.30393728220383;6.865866189373131;1.0;0.03739027146335546
255.05187608263083;6097.700282160596;546.2202639905228;3.1600094866615143;23.454917443733308;62.454084253530326;98.3445211601568;3.8648799647729692;0.0;0.04263498272372646
301.10022336802444;7466.414922947509;748.981500691045;2.2422527708171316;21.154438695236173;73.13816183335145;75.75754575159435;5.124201577476353;0.0;0.04727140315120688
261.5723520954427;7086.804459327057;952.1534686299151;2.926500578638535;32.90539569772447;65.75496044115806;52.65039245039413;6.5044652130302225;1.0;0.030390152702802892
295.1363483652678;6881.224366204855;818.0384446161878;2.0849702797391823;26.574501574081925;51.05617012790143;91.66980283050795;5.595485607166505;1.0;0.03763005666210871
266.6121021254485;10218.773793287342;806.9663305450904;2.1481011912130157;27.22385460075305;58.14051876203382;99.21891919288204;5.517503077791288;0.0;0.036732491216447304
325.26297658174127;10924.501199910888;608.0440121802579;1.8722099893317132;29.096420071461694;44.42047873160336;20.514703609898113;4.212897639040388;1.0;0.034368489234894516
178.928612216516;7463.815174146579;1097.0108908123657;2.252745949238215;24.508531312057197;55.55840218162558;12.556909240961922;7.46954721531738;0.0;0.04080211854669728
380.09412211095696;11111.711435225288;1284.249928976807;2.831575200148867;25.087406272694537;50.33786309185135;17.9171835190687;8.49527658071964;1.0;0.03986063721096641
418.4666315239043;7041.088997337398;900.7889705970847;1.8643982473453262;26.59266135243886;39.045658318823136;2.6160026829746883;6.116746049830334;0.0;0.03760435959179724
233.14873400991877;8109.907206229066;478.6123518110443;1.6959800721211196;16.00882620390926;47.836898962716184;7.165377229894318;3.305727749250789;0.0;0.0624655416495062
301.4545622192052;6753.68601708399;866.7161800555824;2.4049798514818788;28.461529662041222;52.23221316372758;83.67696926770179;5.7406630667956495;0.0;0.03513514599792179
401.6998948254393;8729.969516616899;928.6316515151966;2.8059546296866094;33.93022218540903;52.419118206394714;83.25211720058726;6.3966739506561705;1.0;0.029472250271029135
285.75898285367634;8005.137286236032;885.0083979162091;1.9344519299793714;22.09953971636902;41.298835333544275;29.43139079545718;6.0830373694524775;0.0;0.04524981121028982
284.0265222106037;8570.110454182155;586.8717298727313;2.3902144060190764;29.932145962574904;55.20984427996584;73.7304796185069;4.120415875206557;1.0;0.03340889761964716
246.601563098147;3650.2905233769707;477.3465531293394;2.8955138771800915;30.788759613699884;60.23967767797975;37.54766640584826;3.548872120651659;1.0;0.03247938574164047
272.0316528722965;6834.683160354745;933.7994332972722;2.352228749535605;29.62868336333861;49.704448826567635;57.67925426950053;6.242886445137319;1.0;0.033751077890871166
251.99332274414832;10661.556387864755;500.7377480025624;1.4542328933702542;22.949852290862705;50.39261896127804;64.88058437435889;3.5149471633459957;0.0;0.043573265192566914
309.03743275898785;9579.475563579495;382.32121039222505;1.9284424563754412;15.204080417392165;65.53042200648504;27.03253323390929;2.8478136583639047;0.0;0.06577181733767244
203.5723022064442;4603.568441659695;1090.7820584311096;1.4841557729521773;31.898974732140456;59.39885104260531;85.34911988656762;7.233130471905974;1.0;0.03134896994016644
312.5216230586495;4090.200276755485;421.38029564969645;2.6887416748308386;31.49855682659063;41.52231631678247;10.803677182145698;3.0478934150012296;0.0;0.03174748625803117
231.93949838913625;9895.23095591816;823.8832422727527;1.841025436675401;25.037258516438513;45.528065158544464;2.0376321941817324;5.581981537229862;0.0;0.0399404750860977
348.448798957673;4737.04467572558;382.10784690158954;1.670298450662937;21.138592357002224;63.151513703570714;16.25314237608464;2.8401099225572;0.0;0.04730683969449588
374.70052616453376;9703.110014213751;1012.5503263423064;1.8235212118340685;23.101639567508034;41.67143819165153;14.521153168280158;6.673180794198641;1.0;0.043286970912942424
305.23981001121984;5444.357265755235;396.74624885614446;1.9705712496353656;19.36702488205005;35.816902428580484;49.9048481340366;2.8595242907659646;0.0;0.051634156825338236
390.3171869659683;12195.11244335067;921.1508395697242;1.9499143269985597;25.618406100271326;63.52330949182024;19.667582407173782;6.260958545464595;1.0;0.03903443469847287
289.86823648337236;5211.010705084185;868.6296536994606;1.556571083569909;30.45132200351668;50.53161225291761;31.0255218213691;5.672995325659845;1.0;0.032839296759743786
371.1127955104663;7582.4296061819805;46.592273209665336;2.268942043388347;25.301571199804584;32.99626426192671;22.95681682035298;0.7578810287134496;0.0;0.03952323719752722
239.883901240166;9848.798405852416;392.58914386333925;1.6464688962191785;25.142891484054935;28.19211237131014;43.33698434256338;3.0114897997486363;0.0;0.039772672949496594
411.6093887390054;7752.405454812814;857.9778043400544;1.8683525307513504;31.824250450646232;74.610517065128;26.722594827838765;5.715682776243848;1.0;0.03142257824896214
237.75071495634126;6200.058306547473;709.7255328121018;2.6191239787314244;26.276191881929297;65.82006343247566;36.36326138461881;4.886483875739341;1.0;0.03805726508976065
347.46314161945486;10754.94871731627;869.0655874276529;2.368737127174929;28.497103093074774;38.04584987614766;22.809335941761407;5.829978569517023;1.0;0.03509128618210372
325.3159072990912;9803.949670854674;1253.5920583626698;2.516509427575587;27.04090617648935;55.285809700577;99.47231964849831;8.417553694995288;1.0;0.03698100919670538
340.9998522689806;9260.678433996996;426.80009671773365;1.506961254836892;30.83831767223542;40.97447339132123;50.535076023940164;3.1695895621385946;1.0;0.032427190439779645
290.4808255808642;7615.368438017425;673.4198904619452;1.3919397406230933;27.67992159581435;39.48289522160235;47.174879057766155;4.565679919375805;1.0;0.036127269961314344
383.47452638431866;8116.611491262084;807.9786899158094;1.3328025489846684;26.090060664430254;33.41318561539336;0.0;5.454278665499489;1.0;0.03832877251080312
255.96610236308754;9876.686754099435;1083.7536059839201;1.9008851911255895;27.92332287397099;63.03192396467462;6.268885599185317;7.211433567374973;0.0;0.03581235673538554
340.39642447547885;4552.030973699433;554.5560612278714;1.543985105122692;16.467408553168355;59.18703100174571;85.99233015641661;3.906269190666666;0.0;0.06072600899961266
358.38184329693996;6289.647126739634;317.7760832018692;1.8259171034372796;32.98514829332434;19.767105084079468;48.49323645887582;2.394886421157833;1.0;0.030316674374399697
323.00380303009746;6527.913167578637;849.1698861801924;2.9486876657915095;33.53756267857608;79.21732523052728;58.726019228702626;5.7429353645887256;1.0;0.029817312891339112
280.3812647579323;6818.50564877697;1043.5204967506552;1.7203583237687814;29.352185927082672;54.857606193845236;38.77170309396235;7.052098162048033;1.0;0.03406901286617022
230.25175519362404;9027.183846380034;998.2264891290947;2.6741654944903286;28.710639299534172;40.91241445274469;48.09209973643884;6.7453206652485855;0.0;0.03483029373073643
311.3362328414991;6862.339077671045;564.3313227487774;0.9595623167711558;22.599121768319034;41.817248875286126;37.676925469827935;3.960426223562788;1.0;0.04424950713801043
335.68125889162417;900.0;34.742865932856034;1.7616788728126453;26.97192457702706;65.74441837727811;35.99335457116087;0.6689605071979896;0.0;0.03707558936494043
320.1999876396144;9858.190346518899;373.1364956082278;2.9404775536680177;29.436331109184238;72.0695607691173;26.570676295072243;2.6971186081522953;0.0;0.03397162493827217
379.8710300003234;6768.509347744976;269.861165799115;1.6439435215969251;29.76345217815925;36.07376988500201;59.35705838033186;2.1386382692090233;0.0;0.0335982531197712
309.4920782811009;1651.4867454541263;664.7519468483911;1.576285989823501;29.554792795736354;16.10706261449114;69.53140900889855;4.659212465297856;1.0;0.033835459680308176
228.3763930748805;10766.342017168507;722.4549976329965;1.3756582858262223;22.16576166153168;54.56737818013327;56.44746664578385;4.959019041092903;0.0;0.04511462386313951
343.9950842157278;11544.16553058996;698.2971391410844;0.9005393144728222;28.363207686139567;45.67995224314934;8.500357418408818;4.705990895675066;1.0;0.03525694311679269
327.8798372885525;5474.690302136785;645.8328412817272;1.9071934569242863;26.491705896511345;46.75144402701735;66.35764194026804;4.530967891784419;1.0;0.03774766351047588
227.25973259892697;5866.266511278531;548.9836389607107;2.1711641682922114;15.569317954517384;51.595445106396085;30.33660472197421;3.980509022802326;0.0;0.06422888934000179
275.29478245015963;10359.225103893863;500.3952459751415;1.8477923877381468;25.652157552893183;53.222559405480155;36.599710159482505;3.518413155923122;0.0;0.03898307570963811
330.1490948655189;7083.815138726083;789.0153347214334;1.8499808226864685;27.375003847632627;67.27179288518045;73.99920301860342;5.3689086093671055;1.0;0.03652967523094903
334.98743906394674;5932.027039339048;762.7451352058537;2.6254436864264328;23.397603781788455;80.19234239330248;32.17995960869583;5.328668810403807;0.0;0.04273941935790668
273.6472940980394;13734.798719249238;376.68156656673096;1.1704634381036347;31.15407855969704;40.48367670539782;4.418722184299924;2.723414599153213;0.0;0.03209852597899222
309.3711490961658;7659.410591325025;452.37796034641946;1.2537863629665544;28.848612088563723;42.75662427045394;8.19289992304602;3.2784592459016717;0.0;0.034663712657304016
286.41507719915757;4210.42594373012;526.0155339300605;1.3417997660995433;27.946212919805426;42.23269897790552;84.46538128573597;3.77869348601359;1.0;0.03578302372738676
211.7260225756068;7669.410717021781;1172.3890863569295;1.2973015616901782;27.592762858698922;58.25465999924383;24.243394837090122;7.792675607901284;1.0;0.03624138710287719
204.9510231600322;8504.756292951923;662.2438095016064;1.9176097127086162;28.044526976163382;92.8558990251075;79.32044192031621;4.625722868607829;0.0;0.035657581276017106
444.6735060220894;4628.39425602594;462.67798608815417;1.4568720804225133;31.79574727317724;35.23034540435309;76.73040535271493;3.3147366521889783;0.0;0.03145074690046979
322.815708164871;8679.049498520613;905.2184694850012;1.605933914481447;33.20401417521792;67.30861259858001;53.479759262860796;6.253730678903102;1.0;0.030116840533888155
293.10900054367215;7298.046466664214;1118.0958605109577;1.8371452732402698;26.930064293650112;22.782731797977736;65.18240336912001;7.6033061107375115;1.0;0.03713321992461013
221.71682150059644;2429.568176906061;942.8723413902503;2.7481300434975777;26.35688786531024;69.47649032366283;75.35164648010004;6.4177807474874715;1.0;0.03794074646104768
399.6527302327479;8019.834804254617;977.9084002522034;2.649895632107468;18.439005544518047;50.479861183358345;32.24676151890989;6.708362139274271;0.0;0.05423285966185427
253.28667206460807;4817.918913947016;863.5123801126546;3.132972107016289;24.19670636132792;42.377506446134774;88.71814996192421;5.82119038761437;0.0;0.0413279388139469
388.22426170493475;5164.018640462902;673.0164467379249;2.1893741957590147;27.321960213210215;28.21339258069474;23.47900653828056;4.467724924925669;0.0;0.03660059498646434
204.01890167969293;5259.094833655474;779.2589003738449;1.4194487133656635;29.142439439236433;44.471768522337534;27.565654322340393;5.423353499590008;1.0;0.034314217314753426
254.96732062476946;6337.491311654952;452.73926857617323;1.0808580750122214;26.60878533514189;49.94707556475945;0.12358399644861606;3.267207066066216;1.0;0.03758157268003183
195.9889674056729;7613.460938818506;438.7117762517573;1.8225471715823511;18.980582989367687;48.12973944036468;77.96179015232114;2.9749881074699784;0.0;0.05268542070389344
309.6597074409388;8139.27710094318;1084.833208161172;1.6173562839672888;24.78714917523738;46.12227066275129;35.074068567231365;7.244193624340653;0.0;0.040343485768787414
328.86272191528997;7084.288365971138;640.3243105351132;2.533851717627609;30.322357936005176;72.89188957407988;75.75635755720737;4.2495673766353725;1.0;0.03297896562366565
385.53215196871224;8443.290793961256;409.7944673410763;2.4553323648761602;32.11816626404497;62.10093155429144;0.012282164568262033;2.950252382456489;1.0;0.031135027815067412
363.14202338063967;7753.458917752398;449.5054851237347;2.0140028532188725;31.889440081304862;48.4731266479381;91.92448850482452;3.11265805009966;1.0;0.03135834299537446
352.7893944769908;10480.47120371468;610.5527156590301;2.003371082981653;32.066975654498;71.44135157920928;45.34094645316119;4.331315468209933;1.0;0.03118473069535421
185.81391075800136;9670.285776360364;906.3422952592097;3.086829846420981;19.840790952027128;44.892486099901674;80.16619542511549;6.119328013961649;0.0;0.050401216484659866
318.89373570239076;11660.289617808761;602.797162333645;0.9273507458523457;31.15528922186047;91.4249233297534;90.77029263983664;4.208950475679867;1.0;0.032097278663628596
286.28807775527224;4595.341458828807;253.96139235210887;1.9316386161975565;35.24225695596107;18.35494494568892;3.171220584026969;2.121075296800745;1.0;0.028375027208093
248.9379870094802;6009.273530777564;842.9615214195344;1.2358759354254931;24.155954185569083;57.097025420614145;63.36210708782075;5.75360552465171;1.0;0.041397660896269055
282.1733720986645;13473.429122104655;893.4715453530129;1.5760128937033806;24.056318126470327;43.2955257073466;0.502343099713201;5.966853967685297;0.0;0.04156912104099803
393.978879280231;6459.192620043455;816.6549687551628;2.4200356318586658;28.8071125015914;47.37621513108922;89.77591838085635;5.669634142724883;0.0;0.03471364927480172
196.6801191988564;10135.878613300514;1465.9402434260055;1.9579968624945205;30.380862974444874;67.6819937295571;43.714962815356586;9.592944843916994;0.0;0.03291545736673638
239.249660172543;8087.598506802257;1304.130814506093;0.9678304515130307;15.974353700341956;52.47663493794527;14.198293297731922;8.680849076125373;0.0;0.06260034169511305
291.03727427666155;3750.366964532831;212.1275129625384;1.7030967123016536;31.602426955670815;60.73440853036224;40.630821676456556;1.7833252737242824;1.0;0.03164313935137686
351.4399447102032;3368.4097801630774;507.522848499733;2.2325512668083345;30.318745527919837;35.319617844590404;71.13179108356266;3.7406978487235314;0.0;0.03298289499079449
240.08761366340326;6194.764422341002;1249.3219470847162;0.9424076083864797;29.6705785289556;63.11039589092932;41.409392424208086;8.179264037568228;1.0;0.03370342101769594
341.5570058945611;8058.863885093319;949.9618943606448;2.970868007206561;27.05426086319555;80.03691819624895;58.59327302999165;6.419809208659606;1.0;0.03696275440887738
371.4821262269765;3469.511212612864;375.50326482243264;2.129923942288692;27.703043557283127;0.7420843546218805;77.04517641652937;2.822122753023418;0.0;0.03609711683599834
315.3693474083368;7793.833518126533;681.9664958720164;1.6538316760894927;20.328026499559215;85.63734328200313;34.02512897812092;4.70798602763702;0.0;0.04919316688325272
338.3499052324761;10842.944835622979;674.5529882254021;1.6636541766622535;30.26161518860259;58.50456894604225;7.800150088990719;4.725383413354985;1.0;0.03304516278353276
218.3573993618612;10232.007216820628;692.0575839516774;2.5231568979326893;31.49717217897429;34.28654235718577;56.07722007337463;4.752967781928382;0.0;0.03174888190970816
368.87571809474287;3917.2840073800826;1210.929427611428;3.1571777723347254;25.96796706472321;38.654871347007784;72.56641127218032;8.094879175858356;0.0;0.038508982913740414
374.58754914548626;5688.407986577306;507.75937236384345;2.0675169881812967;24.722395351939095;45.11047639620516;1.1345876221799713;3.6107600643828057;0.0;0.04044915493682392
318.7744747197413;2689.7309464188475;943.4178314018851;1.9680627459679625;28.689609195098292;47.010153344804806;45.40519091241372;6.440410496829373;0.0;0.03485582508983263
284.81957178328906;7430.9425611151755;782.0707197722173;2.1503714141435606;23.70229564722797;63.6758277009555;2.5983045271363565;5.3027562895138605;0.0;0.042190006186888146
337.85189448207734;12549.479670631445;548.0567581087895;1.5831801778991532;30.90829917540591;43.318519435273565;17.240234705650742;3.8776698808112267;1.0;0.03235376991548314
329.00923096797015;9344.223180896442;1064.6602192784594;1.7006504901892072;21.56418437340234;76.93924801052918;13.084968401272015;7.201425347211662;0.0;0.046373189112286495
299.8643823996074;7279.391558316447;176.44743976629013;1.8200590508046592;31.22553793479984;32.29902241611258;67.00810854413356;1.453394725811652;1.0;0.03202506877825579
427.36062076718315;8319.389991769145;698.9390933349639;0.9450041875464333;24.552168845705268;64.4458471292365;96.17656092788351;4.816608161192252;1.0;0.04072959933944584
245.56411515938493;5119.306687188944;1043.2195731379368;1.3769783886461817;17.881231539734774;79.79448880025365;88.62629503338322;6.970251281814844;1.0;0.0559245596578653
284.1230399464007;12116.987568017668;877.4270942871663;1.9947211587755236;29.02284733935123;57.56091615394449;54.67326920711912;5.973036307860521;1.0;0.03445561313497071
317.54811092351156;6203.563178154744;264.44601380235224;2.5940317269121547;24.33897011955623;66.43659091637248;47.40853383367651;2.180446022155673;0.0;0.041086372804102565
243.5699515719159;5359.78863997069;368.47334963804445;2.528913551593873;32.09475941968407;74.36455096186238;45.48351626348513;2.687299237682895;1.0;0.0311577347230928
294.3827977045673;15000.0;902.3071758014573;2.750734423932634;23.96139954401886;29.79611272595848;81.12826210391597;6.223663469307416;0.0;0.04173378930403986
351.8433924488961;7200.184709627542;681.3799863826212;2.6133439295903935;28.081618984695076;59.21891530708053;24.185185549621398;4.7449000832450645;0.0;0.03561048244921405
236.99606458837127;8573.192529907805;771.5888444293726;2.501615452688818;28.18923639414479;73.15945683859084;49.435598812804656;5.291551729585207;0.0;0.03547453311675058
383.32456665827925;8464.41950069608;651.5028352822764;2.070581009115926;26.98261233113795;66.46178118145563;24.890407731563116;4.730604830427684;1.0;0.03706090380455859
430.0425875881941;8378.457659366672;1011.6630953061264;2.25513177131616;18.087614261626904;52.35930246975737;3.317213134786634;6.589829746971616;1.0;0.055286451023091106
272.8985842473333;6790.532992134143;860.2696862637647;2.297061567398654;24.117226158079298;79.38184676049832;80.80701681286705;5.986148790100734;1.0;0.04146413826554423
294.9688934577285;10571.520252449129;652.7822115133292;1.8197351647471498;24.548875322542845;43.82058530905808;67.5601418883012;4.500218785660684;0.0;0.040735063698894416
366.87155538506283;9178.6126591057;525.5259204222399;2.9135825976830105;35.24548056833844;33.07118930849009;43.692097373500886;3.7917537689901253;1.0;0.02837243197921709
359.1683667244689;6115.196503229682;375.06369879878883;2.7232660214403963;25.095201221235115;53.86956347984722;56.103361001949;2.8843540802894223;0.0;0.03984825589498831
271.24355547177254;4708.0341298188305;658.0309519523069;1.4705756788703097;26.05920523203228;59.152322093615794;84.20068088738631;4.598575603353313;1.0;0.03837415573867112
261.0121140295853;5619.856995257832;435.88781869708527;1.6955765279886885;29.380785752666664;30.62993789739196;21.838609940397507;3.1887175688347567;1.0;0.03403584942956258
296.7283628165294;3771.766864108615;455.09191437655477;1.8571299690446643;21.727283639890747;23.825992374617723;3.726690008179972;3.237341159876819;0.0;0.04602508148621143
315.49940478717673;8431.534303826707;840.0850317389975;3.095549626643657;30.131187088518782;24.954366027267127;59.11907024612381;5.632767735412063;1.0;0.033188204535792784
211.57440685735634;2588.9263310165406;522.8398341768617;2.70017304557404;34.37898525319992;64.97943353530215;90.66229580991029;3.757281194424455;1.0;0.029087536837839684
278.5136295364472;4139.691656131416;912.5069301386255;2.1287186758321157;28.271325433996722;36.68993836063348;52.55416564588683;6.121739860241602;1.0;0.03537152873623265
241.35315770818747;10130.745280647301;870.3250844498269;1.9849833178730694;26.364089658826266;67.33221891321156;34.86278662720629;5.882276860313286;0.0;0.037930382309453885
390.8991544354478;5011.166166059442;903.2563884340515;1.556881242397879;23.814302428940394;69.60473159503745;31.351643751071304;5.991967798554243;0.0;0.04199157220682422
335.59405932466916;6542.802544230252;705.9627455224327;2.204191346302871;29.06382141288978;65.59282018543439;69.66419038008502;4.8330579131519205;0.0;0.034407037732364434
285.91177972989425;7670.980386916446;983.1869402266759;1.2416135847923448;30.61397503237145;51.074182117601076;99.49812591049593;6.577141403290236;1.0;0.03266482052535133
397.0219463518961;8714.484494986711;1036.150087686462;1.861558415961184;21.09526113471697;15.304254091640694;42.099479403335216;7.073799936066063;1.0;0.047404011432419596
308.29628677393976;6042.144440582177;136.78650797524733;3.0070567830623687;28.716647340881597;50.44976130917282;94.07288564375602;1.2977686110002735;0.0;0.03482300660413028
222.95205359430255;9074.18063647992;759.8518826652869;1.6344746577270306;26.427407449171408;52.3486357931162;75.3299270864293;5.203164281184706;0.0;0.03783950438283924
374.60516864863575;5230.981272988469;526.7503610548789;1.4849986751888822;27.19546501627701;70.16948363336455;79.54751434687184;3.9172160815657673;0.0;0.036770836586227915
216.4952423371294;7002.19994217929;826.2388417461151;2.368583851869092;23.741427149998145;68.4552672256485;81.55602889862492;5.588040812426166;0.0;0.04212046705035919
223.02093078481835;10699.619089519034;146.97445050882038;2.9606160089687013;32.330662929294256;55.79877370020414;76.3007990495806;1.229655509405978;0.0;0.03093038958672008
199.21945844415407;8061.830252971134;766.0312962433762;1.0799657709524952;29.963189300249645;61.99412552441535;26.955360915423636;5.166638848787161;1.0;0.033374284358697034
277.3851000627387;9096.562151129241;918.4282051430937;2.115639296862748;22.236037197146725;79.8971910201278;68.89041221494129;6.229953126314741;0.0;0.044972042056500856
351.981012257872;5388.558334359397;1021.8703862590048;1.9517053544711374;26.09988744185476;47.24225433165608;80.81176064343865;6.820442887517085;1.0;0.03831434147859053
344.9936636962144;7002.253377666645;531.996282708883;2.1247988144164065;24.655529291216634;59.1794967417597;63.69752959041924;3.7070970185407983;0.0;0.040558853480231034
334.2803355475265;4708.402061367693;218.85405132104756;2.0093248732346165;31.8454536697403;55.664137707816145;29.77412394369047;1.8192373340660453;0.0;0.031401656587175725
168.00668018323367;4745.939252385155;832.177282312673;1.8315623385405952;26.510566285720845;58.00628738665571;96.85925664272548;5.681433971689359;1.0;0.03772080872292122
378.3723057818266;10406.683757689578;1135.9091474451416;1.7562336959469236;28.517214355282338;14.279530597167764;54.917988467896905;7.593191934836806;1.0;0.035066538671746764
277.1719421495079;5206.31468995522;874.9440917450004;1.1045492676702158;28.341336162578735;49.611740190116635;65.37627112254951;5.967530806319052;1.0;0.0352841515397703
264.37011079075285;5038.117877638575;611.5377176158353;2.785441526369694;23.53898536785018;79.35044775411313;10.372786428631642;4.270717233822643;0.0;0.042482714712326196
261.67354414741646;5142.637410327103;498.007418958156;2.5654842230240247;28.682237485226334;57.37406673645429;60.86776196275744;3.6380307923699897;1.0;0.03486478349239946
203.44735996310592;7975.1787121630705;374.6688529971189;2.2769714027332455;19.305171347362187;45.225255005575804;96.33167902555306;2.783988404798651;0.0;0.05179959203711692
303.3189829419397;6878.551021794952;484.6616703294192;2.5567326108386066;23.658083215954708;16.49959421110998;99.49410568197217;3.381033513228506;0.0;0.04226885123667216
254.8111511333047;11236.952245241344;1069.281496041357;2.600311265322575;24.968950045401787;32.91944582239614;40.161159957125506;7.331221453077507;0.0;0.04004974170646624
273.5065344963609;8817.994040901316;1004.1425421753756;2.4847143259521527;25.60663840808409;20.200171607332507;35.36139701004675;6.786076538642866;0.0;0.039052373219137466
241.3873072785113;6693.258319224592;768.8522722872523;1.7580152405209444;35.03118390073709;88.50512938975315;14.602543103749099;5.242967459235252;1.0;0.028545994986454312
293.33545952174103;5893.0099773718985;608.4533415908722;2.2235861979588885;26.22242415260884;83.30714893749888;63.70237520747419;4.285284257624838;1.0;0.03813529955049984
246.86032738894068;6200.5155670938075;834.6047983171694;1.118482991194699;37.09843635371237;45.72752918952612;3.0172958630733007;5.81893540709268;1.0;0.026955313977806827
373.7570090003842;6378.202803544172;640.0615139791427;2.978533645427134;25.978809523317686;39.502223144999064;71.75613900264763;4.527370371054314;0.0;0.03849291088964005
201.69651504963883;10024.377517837504;597.554143149748;1.7638330401084998;23.025986610442878;56.84884706835848;50.561821383018234;4.223015124045206;0.0;0.043429192282534994
278.44613360154995;5661.443214967767;1038.1874804216336;1.9705608920612239;28.18553670174365;50.96875331785432;20.370991615872246;6.996217955131496;1.0;0.035479189578041165
299.84186796608793;12623.839672394475;702.6101679656425;2.508684446119468;24.205714357575044;20.891982824248913;86.39377483127794;4.871208250428421;0.0;0.04131255889529472
308.9192102096251;6018.611329946759;761.9909019717521;1.8954284723937533;22.770916095082146;21.639382629737206;64.18523407200439;5.15035605595895;0.0;0.043915668382615965
263.03017070736024;4188.453658284089;1229.7714351239713;2.0054173865900786;28.39220192726377;55.27753480106959;10.24258726815006;8.12473162266653;1.0;0.03522093857185992
233.1752557706315;9943.239074436173;989.7000109281022;0.5207840145521445;27.141596790677237;51.75542900430929;48.380278741289146;6.59140561298768;0.0;0.03684381606993315
285.2985239079145;5822.939932249078;1123.7119329211314;2.37847354824468;32.102117406176944;55.02573105745059;54.60234390027051;7.3428800664412925;1.0;0.031150593194440954
302.99169990751824;8726.490373463306;742.4473768198519;2.9922310000988652;28.745008424773143;63.3314835214239;2.595611001569509;5.10978992549468;0.0;0.034788648701114165
278.48112568865247;4663.362578596931;974.6580732443645;1.038543518531052;29.70721735232633;67.54672201652474;91.20971213927716;6.605286563935826;1.0;0.033661853553634546
292.9858054263569;11788.147434506518;499.0563781933272;1.8446858224684655;21.303897121472193;55.49776001004446;31.697573861393177;3.697870017885251;0.0;0.046939768545544665
334.00720879339224;6127.410672692509;839.1695890223704;1.5126369069649055;20.069010444033395;50.37059662181508;45.604540356194235;5.639958772664471;0.0;0.0498280671480394
500.0;5471.931142338507;465.2885601845612;2.3246294816448514;24.863638511136344;46.91633366610873;89.8991359922824;3.4001063945766363;0.0;0.0402193749539957
265.77735707657484;7884.50408293827;679.9628361542079;1.0590964493969361;28.651928177197053;35.04276818552971;47.65725209370874;4.639464603443706;1.0;0.03490166504032566
262.7276810902931;3613.6423850180436;781.2799026286974;1.700682979368706;31.67771205160934;74.18640384364414;14.646358032869031;5.38433510329521;1.0;0.031567936420749065
345.5050436588788;9461.2671205815;247.17336396191286;2.331139767228999;30.974102075961433;45.992148704895214;88.70038476901671;1.9388974164021273;1.0;0.03228503598094894
280.7891097981154;3183.6986957532717;831.9398244417275;2.6073336388286577;20.729560019209863;59.078529232937925;36.75811794163394;5.67263918738116;0.0;0.048240290631991735
211.98304528845068;5515.592455540477;1122.7560027351642;1.9965469915677838;39.455471751697644;35.17456327627863;46.730786971268074;7.491653931646077;1.0;0.025345027079975876
236.3837170409551;8199.49714263776;499.68747805414057;1.6964946147060935;20.18041247922595;96.15835775856914;48.828730833226224;3.5497353664029827;0.0;0.049553001011719486
214.90249322384733;8877.066918391449;1243.3642350376738;1.6654198335649875;27.099897965093437;83.18433484693715;52.36675134733177;8.103247473691491;0.0;0.036900507938740945
204.17391224214194;5780.818994710085;759.3370108839844;2.2617503598526754;34.24389991108311;72.88453296264922;32.927783065696204;5.27762709199516;1.0;0.02920228135803971
281.77834447254907;9674.824362970445;536.0557537346044;2.209786258230828;24.200121659547182;94.24467895609445;63.22883740918003;3.8890551052064515;0.0;0.04132210631286187
278.2048459223004;9876.677082702749;386.2724200283272;2.3066881036846034;25.532702417082113;63.00800000631688;84.02908401223587;3.0065858610811786;0.0;0.03916545862105733
296.75470088682056;8724.29457985091;1019.3267961356878;1.8311021575593678;21.29739105873291;63.87146461987999;37.07450136615253;6.667976819971805;1.0;0.04695410800516592
346.1542869790311;10863.907083083806;997.642366916772;2.63730658705033;28.024281943423116;54.02476943327637;91.63253556441794;6.618230903273766;1.0;0.035683340683584766
406.72136162411874;7824.091195268606;378.77061001894117;1.7698148188344522;29.56240293738777;60.53004367480532;36.78533802971029;2.9316047794555034;1.0;0.03382674954123209
403.03545391569935;4828.040711299228;680.3177978682829;2.161808473970028;26.820577239249154;29.94258064886932;24.66035881741784;4.837541968496712;0.0;0.037284805285122756
234.7113650603513;12066.050164102822;612.1334261608068;2.1558039936405824;21.27868471446002;63.12282948929882;42.19528780864773;4.350535137278139;0.0;0.0469953859187756
286.0145595380408;4904.71605608782;1500.0;2.2068578604153744;25.632602168050703;61.096583933902;67.44560524735485;10.0;1.0;0.03901281631275158
244.93999941460402;5716.710780781367;870.4653558940958;2.3190196696963485;24.857933590251758;44.74111111132768;78.20124525534574;5.971323326365365;1.0;0.04022860534120013
361.6323728972903;8502.333714564795;687.3861725998934;2.056435387412158;24.949838538644148;26.948523613980907;0.48642019987418195;4.620707044628254;1.0;0.0400804196969502
291.38313097080635;10165.439503917867;713.6194198413561;1.6230073153330336;25.178664482415826;20.33131567055087;84.8357664549668;4.7896390563627556;0.0;0.039716165275500454
324.4045866733063;7738.606263553779;438.53950844953135;2.6552056269437294;29.817402742043885;52.93287845717757;54.79219468956061;3.1764071717589;0.0;0.03353746161767319
310.88407211020314;5302.142624390343;645.8935941768862;2.839931414041941;26.138672084813884;52.43907849318896;73.99699095311824;4.4081385753090645;0.0;0.03825749053950536
336.1941986038064;4972.820847808182;691.4303933673999;1.430100591649419;35.17756364978191;33.702514210549005;84.30388015585987;4.863495860778607;1.0;0.028427210308130585
353.06779312581176;9969.695820582481;745.7035332178907;2.704792846190162;26.355995021696828;70.6317725457753;63.78677077118132;5.023581409322893;1.0;0.037942031753184745
379.7366800597222;10086.99915219776;737.4716910986557;1.3665021801882855;36.55346386354834;63.28070427747851;14.029097508031803;4.939709171460883;1.0;0.02735718846599419
221.76129851270252;5271.1003390784945;854.4162091736501;2.26869987228092;31.85567010738328;34.97239742741335;22.147641783233407;5.855526426344111;1.0;0.03139158575628981
267.9196312648367;4592.587169571807;609.6129564852923;1.9121996672899502;25.430757909058194;31.07331474544183;51.59993190943846;4.3899966084676585;1.0;0.03932246154739295
274.6630063922112;4625.508350232002;883.3409555612869;1.05246741316938;28.24876537509784;81.76913633474163;0.6819344223505865;6.118036042722547;1.0;0.03539977718394486
277.9089424954148;5700.790176008309;736.8538945890289;1.597753421989292;24.25283158439103;52.8340678573122;67.42275733622098;5.011882837214406;1.0;0.04123229885633617
287.85552681449315;6486.373078766205;702.5535551577568;2.87580895405398;26.024947265930944;53.511716380169965;16.3426844832697;4.875670239816161;0.0;0.038424669598047266
265.8974028586415;6142.805943145255;611.4856391107248;1.487755406024666;21.92039157937087;57.5019647821833;71.49214016657233;4.208417627774999;1.0;0.0456196230062374
280.9684271568101;5620.710212679041;404.5618761458413;2.081524987971215;27.925897017097384;46.75428710762196;20.9540720456016;3.068327479301042;1.0;0.03580905563705828
295.9814712076062;8814.387536324573;445.954121456661;1.7307348297641583;27.751535675174775;34.730910972478696;74.20289840039672;3.103439925912833;1.0;0.036034041924914204
317.7489595272853;3982.869503140359;653.9682241931595;2.1478139246622514;31.19503390104983;69.7562723270946;11.885517511749377;4.478935201579052;1.0;0.03205638446080824
305.2608767689808;11872.848806220094;835.6787406458069;1.5369678919924308;29.066036098577445;28.787069049628453;31.614587907657576;5.706361845572574;1.0;0.0344044160892287
451.56471771350823;6171.409400062842;302.4087600303191;1.8650943976518366;20.51350384278057;49.95608196846805;42.106360276317695;2.4374353188163584;0.0;0.04874837607773845
260.72063391577933;6006.009008207935;412.4514488644312;1.490887645989188;25.59480740380694;50.95229804499573;28.72011800999998;3.035653659321245;1.0;0.03907042488044904
389.7213875545807;4875.290815756958;651.2412958569512;3.092883396224571;21.118102629967765;52.40297320089524;22.030834963645088;4.465106829659977;0.0;0.047352738904722635
242.60390779068135;7560.482870198622;695.6576496346103;1.9093978722917944;34.42708013074906;66.62516071671047;24.200560804975883;4.872760644362558;1.0;0.02904690134051871
323.58381409591027;6548.473752524809;255.76838477108572;0.6966891620179549;19.65988897288226;57.04627849121628;77.6897692659062;2.1167405300859587;0.0;0.05086498715121655
291.458346040238;11223.934640498226;632.1740269106521;2.184711429555554;23.463200851523272;55.07141039587688;95.91416346479426;4.3583660954396395;0.0;0.042619930943270184
324.26181485188147;7778.585784983012;565.0657601780396;2.593498156446078;20.528936100640486;42.350540769481036;68.11281619827129;4.109099186203384;0.0;0.048711730364283265
254.0702998833234;7287.290145380566;635.8412386341722;2.584827075314146;24.115740158786977;53.67030874702013;73.37492385414558;4.343357456174354;1.0;0.04146669326405199
331.4400137235453;8661.107192010746;604.4631473187991;2.4853329573039833;24.465323594161312;33.504617333377595;13.230570244245563;4.282830681135318;0.0;0.04087417835089055
261.8281040722576;7338.2385573763995;475.6937067413236;2.2349158048129145;26.310016550645656;78.31475215955916;52.061023862131094;3.458375185613365;0.0;0.038008337929968335
412.57783118236966;10123.946474211536;712.2764384257845;1.8207759350090595;22.185042403552146;16.525315925855466;48.60375995790772;4.987361439490391;1.0;0.04507541530954593
288.9553102589922;6581.9197488011405;898.9435189992987;1.8688193719219537;23.61563835445621;64.63233720834417;53.38276125932964;6.008807006641279;1.0;0.04234482189262111
323.1233046761503;5664.458735647465;529.1503063043764;1.5424938202796283;23.821821150334962;71.15561986464078;4.574728431496027;3.7897416076554027;0.0;0.041978318688952916
301.85227252242834;7142.241435385778;512.8847698034901;2.130015966018263;17.906351750775833;70.54563671106187;76.56401052037765;3.5918401895884156;0.0;0.055846104997723654
360.86126671258734;6361.9004764195415;715.2125215561862;1.562390596552841;21.245620252291165;61.20442822479444;63.572382925821756;4.905100745461245;0.0;0.04706852462413557
404.71415631161653;8510.266422874647;1250.6623173887067;1.9824367300630943;26.44447408051617;30.341224542859386;19.235549962364484;8.329673178018545;1.0;0.03781508367136644
296.8250972501051;6031.972550485276;757.9455222780501;2.505434599577297;30.22787270621326;46.367709820409914;44.12469169832497;4.996765057903517;1.0;0.0330820501237076
209.01400477162042;3320.8662341331515;1260.6852502099118;2.4232145635003137;31.67331370127154;71.83703438109794;0.7228992277877353;8.489819136856816;1.0;0.03157232013775226
305.122326326309;5855.0745011161;259.1363872000477;2.179670215182401;21.527250507915262;55.23250907521511;47.40037317436522;2.0269954979725826;0.0;0.04645275064887243
332.40342562739943;7194.1862163559335;1288.08877589671;1.6816869001982289;18.17393986663118;47.44135075467278;34.848025326794115;8.382483990766097;0.0;0.05502384223445576
307.66197749284055;11811.003252547198;584.7269389547565;2.8821925695926733;16.828620895562366;43.072044638463396;14.004331370189597;4.065569999208357;0.0;0.05942257575388698
243.01778643170212;4028.0699070998244;787.9136282156443;1.889293394053557;23.366210081895176;46.04412202674886;76.49315993212227;5.3649106212033635;1.0;0.04279684195661792
358.0961146500809;9941.829417796343;490.62685750715127;2.420341107858684;25.629907535494;78.27737648635815;11.120839791359245;3.340448474810308;1.0;0.03901691797425073
330.2986814163284;9210.811701112272;853.7371496936481;1.1649388669486753;31.945423030113183;31.386960817452998;34.558237719613366;5.7646668107413035;1.0;0.03130338887850555
298.2541376564601;6650.304451875693;892.0961060523452;1.5403170791236096;26.451964970422143;72.62821579572494;62.055098586687556;6.2208095278416735;1.0;0.037804374877940916
284.632564026125;7975.138589686651;626.7434306135882;1.6570390092101983;24.866627027316884;23.72684951039441;6.048018899149923;4.357320477239246;0.0;0.04021454131682049
295.5325990252376;6545.985975043689;1038.4370174676142;1.7770580981566042;18.74072725652891;46.11870657935922;55.72275322793906;6.753251318220378;0.0;0.05335972218749511
290.0577173654519;7879.435508814082;875.6390865073104;2.2741833502048787;23.186434526433615;64.60054504836017;97.24924757519764;6.076113814193391;0.0;0.04312866641311123
295.71979905876293;2711.2688856998166;654.7908041865527;1.487431029798297;23.43831004898553;53.52212312701441;28.40128775301255;4.4214626406803195;0.0;0.042665192068456426
345.0721140373949;4442.080696851325;566.8432610774105;1.9664247489488906;16.709488747423475;41.980885868101346;90.28806939256336;4.144892511662231;0.0;0.059846235580020085
309.5464747594819;4993.067715936951;1175.0362754623718;0.9163876788395886;33.56706865533383;52.33216063135489;2.315874357363228;7.643942049891883;1.0;0.029791103008367677
170.71650071687813;5804.270944783375;459.81251966901334;2.452775545389625;17.159086161479724;66.1117803995718;46.564404540156175;3.378221126573173;0.0;0.05827816181988123
378.4889419495773;8471.698968755563;674.1309788675876;1.9346242824794382;25.705197111421263;50.989895899845486;56.84687247259382;4.586435427476382;1.0;0.038902638858026216
310.16078767299723;9813.192296662623;963.6263310122338;2.2113763572976897;26.817352927359764;31.600794783186696;9.41812804871796;6.577149838017235;1.0;0.03728928812283236
401.52614356007956;6351.51815791329;811.074214069169;1.880877091606301;20.506658244148802;69.93664584485799;66.6184630392128;5.461413890671851;0.0;0.04876464941748038
263.94741311759645;7172.431459061585;547.9611191253215;1.020014757879482;21.766128414644584;68.8481859158153;89.13949245170761;3.9449431061792835;0.0;0.045942943133937625
228.74187116822435;7129.605511247456;917.6795424777235;1.5124338420653682;22.619288549548468;34.97892668546491;65.85163477688916;6.224588988185625;1.0;0.04421005540512291
376.04544477929494;10234.52671620688;593.9238634231662;2.1358824757067003;33.827104680249334;7.597009977799139;92.8865922049017;4.216986403873344;1.0;0.029562092571992157
272.67646536434245;8917.413368255713;431.9970416313058;0.7649244290812274;26.000657040625942;25.513464667218297;80.34396382791313;3.205769859802357;0.0;0.03846056653251121
348.02937365724534;7689.37149096797;721.4499980664983;1.2944038456965918;25.10341508766478;63.97305245142705;73.84558956804572;5.031474525482327;1.0;0.039835217499605315
298.5613081575052;6410.396259187393;1087.1151747149158;1.7334970864511796;26.665356924379637;58.541400043879854;29.859796899841378;7.340273971843915;1.0;0.037501841915557436
299.27506914930296;8665.82391553926;1011.9468167902647;1.8775641028411212;19.556162344953506;72.16133099537757;28.073875587517353;6.960842972151746;0.0;0.05113477697519991
304.20228537378784;4924.904847705176;1004.8238436213542;1.3224700117747992;20.69011264076588;43.063317909460835;84.5250379243772;6.711549550865979;1.0;0.04833226466006245
352.0266081930919;9319.151615904026;906.9681794969301;1.9665204467958113;28.88625856120063;32.30780137114718;41.691546201150274;6.1061350504695495;1.0;0.03461853662637976
225.80881135657722;9097.12783788439;554.5116980481533;1.7970034897961402;21.976059811400113;65.75399012547881;22.251787893965176;3.97662592685884;0.0;0.04550406253814656
271.77596980464773;3421.3566392742773;400.2834250210255;1.157035070839729;25.143943214479155;57.58812127043481;24.430819636570174;2.8121952113726207;1.0;0.039771009322998686
247.16794953911864;3323.778489778134;957.2370935548408;2.712317033486179;18.952393621811908;41.01856725865777;94.4121836374681;6.412401827149095;1.0;0.05276378382354412
259.243670943671;8639.347795342612;374.0393759747159;1.6317775746078564;30.68422705901839;55.72087726950905;91.3214102835494;2.7605782540402717;0.0;0.03259003389841265
272.694234894199;9632.973899665005;169.09306768055944;2.5695433528371048;24.75380628002373;56.25740319126911;11.141189708525694;1.5133362303067792;0.0;0.040397827658811315
221.3470658150705;6364.753914834617;21.50065138053617;2.456204701963915;30.379181275844;86.2385422404718;52.63268510680192;0.8493203605448958;1.0;0.032917279465827794
462.3238713064146;7491.847922274979;883.3335222513139;2.2494455428918525;33.19787610595635;40.73704770699718;40.49626923200026;6.237597148286387;1.0;0.030122408939907468
318.48583828215516;8960.192122614664;664.4265012588514;1.6044440149396153;34.604886991859;78.50461074419741;73.53347806159599;4.644781927786873;1.0;0.028897652526224282
356.80048165073765;6408.047722680594;665.1002924689951;2.2071286945598767;23.92779896742815;50.59889666489689;98.1803617938264;4.627264038170135;0.0;0.041792393916434
279.9619316373952;12439.01557738521;189.4413353438938;1.7136718431048754;19.570721068642868;34.765832268419906;13.167414688627595;1.7426630620716819;0.0;0.05109673764663925
